{
    "Profiles": [
      {
        "Horizontal Spacing": 1,
        "Tags": [],
        "Ansi 12 Color": {
          "Red Component": 0.5137255191802979,
          "Color Space": "sRGB",
          "Blue Component": 0.5882353186607361,
          "Alpha Component": 1,
          "Green Component": 0.5803921818733215
        },
        "Ansi 7 Color": {
          "Red Component": 0.9333333373069763,
          "Color Space": "sRGB",
          "Blue Component": 0.8352941274642944,
          "Alpha Component": 1,
          "Green Component": 0.9098039269447327
        },
        "Ansi 8 Color": {
          "Red Component": 0,
          "Color Space": "sRGB",
          "Blue Component": 0.21176470816135406,
          "Alpha Component": 1,
          "Green Component": 0.16862745583057404
        },
        "Bold Color": {
          "Red Component": 0.5764706134796143,
          "Color Space": "sRGB",
          "Blue Component": 0.6313725709915161,
          "Alpha Component": 1,
          "Green Component": 0.6313725709915161
        },
        "Ansi 9 Color": {
          "Red Component": 0.7960784435272217,
          "Color Space": "sRGB",
          "Blue Component": 0.08627451211214066,
          "Alpha Component": 1,
          "Green Component": 0.29411765933036804
        },
        "Ansi 4 Color": {
          "Red Component": 0.14901961386203766,
          "Color Space": "sRGB",
          "Blue Component": 0.8235294222831726,
          "Alpha Component": 1,
          "Green Component": 0.545098066329956
        },
        "Ansi 5 Color": {
          "Red Component": 0.7254902124404907,
          "Color Space": "sRGB",
          "Blue Component": 0.5529412031173706,
          "Alpha Component": 1,
          "Green Component": 0.2078431397676468
        },
        "Rows": 25,
        "Default Bookmark": "No",
        "Cursor Guide Color": {
          "Red Component": 0.7021318674087524,
          "Color Space": "sRGB",
          "Blue Component": 1,
          "Alpha Component": 0.25,
          "Green Component": 0.9268307089805603
        },
        "Non-ASCII Anti Aliased": true,
        "Use Bright Bold": true,
        "Ansi 10 Color": {
          "Red Component": 0.133944571018219,
          "Color Space": "sRGB",
          "Blue Component": 0.440766841173172,
          "Alpha Component": 1,
          "Green Component": 0.747589111328125
        },
        "Ambiguous Double Width": false,
        "Jobs to Ignore": [
          "rlogin",
          "ssh",
          "slogin",
          "telnet"
        ],
        "Ansi 15 Color": {
          "Red Component": 0.9921568632125854,
          "Color Space": "sRGB",
          "Blue Component": 0.8901960849761963,
          "Alpha Component": 1,
          "Green Component": 0.9647058844566345
        },
        "Foreground Color": {
          "Red Component": 0.7333333492279053,
          "Color Space": "sRGB",
          "Blue Component": 0.7333333492279053,
          "Alpha Component": 1,
          "Green Component": 0.7333333492279053
        },
        "Blinking Cursor": false,
        "Disable Window Resizing": true,
        "Sync Title": false,
        "Prompt Before Closing 2": false,
        "BM Growl": true,
        "Command": "",
        "Description": "local",
        "Mouse Reporting": true,
        "Screen": -1,
        "Selection Color": {
          "Red Component": 0.027450980618596077,
          "Color Space": "sRGB",
          "Blue Component": 0.25882354378700256,
          "Alpha Component": 1,
          "Green Component": 0.21176470816135406
        },
        "Columns": 80,
        "Idle Code": 0,
        "Ansi 13 Color": {
          "Red Component": 0.726898193359375,
          "Color Space": "sRGB",
          "Blue Component": 0.5114071369171143,
          "Alpha Component": 1,
          "Green Component": 0.08042509108781815
        },
        "Custom Command": "No",
        "ASCII Anti Aliased": true,
        "Non Ascii Font": "Monaco 12",
        "Vertical Spacing": 1.01,
        "Use Bold Font": true,
        "Option Key Sends": 0,
        "Selected Text Color": {
          "Red Component": 0.27843138575553894,
          "Color Space": "sRGB",
          "Blue Component": 0.5215686559677124,
          "Alpha Component": 1,
          "Green Component": 0.7607843279838562
        },
        "Background Color": {
          "Red Component": 0,
          "Color Space": "sRGB",
          "Blue Component": 0.21176470816135406,
          "Alpha Component": 1,
          "Green Component": 0.16862745583057404
        },
        "Character Encoding": 4,
        "Ansi 11 Color": {
          "Red Component": 0.3960784375667572,
          "Color Space": "sRGB",
          "Blue Component": 0.5137255191802979,
          "Alpha Component": 1,
          "Green Component": 0.48235294222831726
        },
        "Use Italic Font": true,
        "Unlimited Scrollback": false,
        "Keyboard Map": {
          "0xf700-0x260000": {
            "Text": "[1;6A",
            "Action": 10
          },
          "0x37-0x40000": {
            "Text": "0x1f",
            "Action": 11
          },
          "0x32-0x40000": {
            "Text": "0x00",
            "Action": 11
          },
          "0xf709-0x20000": {
            "Text": "[17;2~",
            "Action": 10
          },
          "0xf70c-0x20000": {
            "Text": "[20;2~",
            "Action": 10
          },
          "0xf729-0x20000": {
            "Text": "[1;2H",
            "Action": 10
          },
          "0xf72b-0x40000": {
            "Text": "[1;5F",
            "Action": 10
          },
          "0xf705-0x20000": {
            "Text": "[1;2Q",
            "Action": 10
          },
          "0xf703-0x260000": {
            "Text": "[1;6C",
            "Action": 10
          },
          "0xf700-0x220000": {
            "Text": "[1;2A",
            "Action": 10
          },
          "0xf701-0x280000": {
            "Text": "0x1b 0x1b 0x5b 0x42",
            "Action": 11
          },
          "0x38-0x40000": {
            "Text": "0x7f",
            "Action": 11
          },
          "0x33-0x40000": {
            "Text": "0x1b",
            "Action": 11
          },
          "0xf703-0x220000": {
            "Text": "[1;2C",
            "Action": 10
          },
          "0xf701-0x240000": {
            "Text": "[1;5B",
            "Action": 10
          },
          "0xf70d-0x20000": {
            "Text": "[21;2~",
            "Action": 10
          },
          "0xf702-0x260000": {
            "Text": "[1;6D",
            "Action": 10
          },
          "0xf729-0x40000": {
            "Text": "[1;5H",
            "Action": 10
          },
          "0xf706-0x20000": {
            "Text": "[1;2R",
            "Action": 10
          },
          "0x34-0x40000": {
            "Text": "0x1c",
            "Action": 11
          },
          "0xf700-0x280000": {
            "Text": "0x1b 0x1b 0x5b 0x41",
            "Action": 11
          },
          "0x2d-0x40000": {
            "Text": "0x1f",
            "Action": 11
          },
          "0xf70e-0x20000": {
            "Text": "[23;2~",
            "Action": 10
          },
          "0xf702-0x220000": {
            "Text": "[1;2D",
            "Action": 10
          },
          "0xf703-0x280000": {
            "Text": "0x1b 0x1b 0x5b 0x43",
            "Action": 11
          },
          "0xf700-0x240000": {
            "Text": "[1;5A",
            "Action": 10
          },
          "0xf707-0x20000": {
            "Text": "[1;2S",
            "Action": 10
          },
          "0xf70a-0x20000": {
            "Text": "[18;2~",
            "Action": 10
          },
          "0x35-0x40000": {
            "Text": "0x1d",
            "Action": 11
          },
          "0xf70f-0x20000": {
            "Text": "[24;2~",
            "Action": 10
          },
          "0xf703-0x240000": {
            "Text": "[1;5C",
            "Action": 10
          },